title,score,id,url,comms_num,created,body,timestamp
GME YOLO update â€” Jan 26 2021,102899,l5nphz,https://i.redd.it/cltvfhzmrqd61.png,9646,1611724083.0,,2021-01-26 22:08:03
Elon has transcended time space and county regulations,80587,ghw12u,https://i.redd.it/frcjfc2967y41.jpg,4914,1589258477.0,,2020-05-11 22:41:17
GME YOLO update â€” Jan 22 2021,72139,l2x7he,https://i.redd.it/xho46kzt7yc61.png,6257,1611378848.0,,2021-01-22 22:14:08
BREAKING: CNBC Officially Gives Up Stocks Enter Kangaroo Market,69825,h7u3ea,https://i.redd.it/u5odjw2jxj451.jpg,1518,1592028023.0,,2020-06-13 00:00:23
How to get oil back up,67105,g55or2,https://i.redd.it/w5iqqihjo2u41.jpg,564,1587460701.0,,2020-04-21 03:18:21
I guess they didnâ€™t like my printer goes brrrrr posts every day.,65649,h7jgr8,https://i.redd.it/wuyb92zbzg451.jpg,1047,1591992308.0,,2020-06-12 14:05:08
#LONG LIVE THE MEME ðŸš€ðŸš€ðŸš€,65343,ksldfd,https://i.redd.it/eeqtfd0yuy961.jpg,1469,1610078526.0,,2021-01-07 21:02:06
I love you guys ðŸ˜˜,65080,l3aj4z,https://i.redd.it/4id5pcaai2d61.jpg,3448,1611430241.0,,2021-01-23 12:30:41
100% Accurate,64959,i4ox8e,https://i.redd.it/owfmwy3xtcf51.png,453,1596736432.0,,2020-08-06 11:53:52
GME YOLO update â€” Jan 25 2021,64707,l4xje1,https://i.redd.it/1ubfvqedmjd61.png,5747,1611637536.0,,2021-01-25 22:05:36
